"","PC1","PC2","PC3","PC4","PC5","PC6","PC7","PC8","PC9","PC10"
"Standard deviation",2.21940418743921,1.24860627906856,1.09019589341501,0.865039671559415,0.71967215839056,0.605899605148343,0.532389739487339,0.447337453919358,0.368016329685818,0.27272457694523
"Proportion of Variance",0.49258,0.1559,0.11885,0.07483,0.05179,0.03671,0.02834,0.02001,0.01354,0.00744
"Cumulative Proportion",0.49258,0.64848,0.76733,0.84216,0.89395,0.93066,0.95901,0.97902,0.99256,1
